"Calories","Total_Fat","Sodium","Carbohydrates","Sugars","Protein","Vitamin_A_RE_DV","Vitamin_C_mg_DV","Dietary_Fibre_g","Calcium_mg_DV","Iron_mg_DV","Category","Item","Serving Size","Id","cluster"
300.0,13.0,750.0,31.0,3.0,17.0,100.0,0.0,4.25,275.0,2.7,"Breakfast","Egg McMuffin","4.8 oz (136 g)",1.0,"cluster_1"
250.0,8.0,770.0,30.0,3.0,18.0,60.0,0.0,4.25,275.0,1.44,"Breakfast","Egg White Delight","4.8 oz (135 g)",2.0,"cluster_1"
370.0,23.0,780.0,29.0,2.0,14.0,80.0,0.0,4.25,275.0,1.8,"Breakfast","Sausage McMuffin","3.9 oz (111 g)",3.0,"cluster_1"
450.0,28.0,860.0,30.0,2.0,21.0,150.0,0.0,4.25,330.0,2.7,"Breakfast","Sausage McMuffin with Egg","5.7 oz (161 g)",4.0,"cluster_1"
400.0,23.0,880.0,30.0,2.0,21.0,60.0,0.0,4.25,275.0,1.8,"Breakfast","Sausage McMuffin with Egg Whites","5.7 oz (161 g)",5.0,"cluster_1"
430.0,23.0,960.0,31.0,3.0,26.0,150.0,1.2,4.5,330.0,3.6,"Breakfast","Steak & Egg McMuffin","6.5 oz (185 g)",6.0,"cluster_1"
460.0,26.0,1300.0,38.0,3.0,19.0,100.0,4.8,1.75,165.0,2.7,"Breakfast","Bacon, Egg & Cheese Biscuit (Regular Biscuit)","5.3 oz (150 g)",7.0,"cluster_1"
520.0,30.0,1410.0,43.0,4.0,19.0,150.0,4.8,3.0,220.0,3.6,"Breakfast","Bacon, Egg & Cheese Biscuit (Large Biscuit)","5.8 oz (164 g)",8.0,"cluster_1"
410.0,20.0,1300.0,36.0,3.0,20.0,20.0,4.8,1.75,165.0,1.8,"Breakfast","Bacon, Egg & Cheese Biscuit with Egg Whites (Regular Biscuit)","5.4 oz (153 g)",9.0,"cluster_1"
470.0,25.0,1420.0,42.0,4.0,20.0,60.0,4.8,3.0,165.0,2.7,"Breakfast","Bacon, Egg & Cheese Biscuit with Egg Whites (Large Biscuit)","5.9 oz (167 g)",10.0,"cluster_1"
430.0,27.0,1080.0,34.0,2.0,11.0,0.0,0.0,1.5,66.0,2.7,"Breakfast","Sausage Biscuit (Regular Biscuit)","4.1 oz (117 g)",11.0,"cluster_1"
480.0,31.0,1190.0,39.0,3.0,11.0,40.0,0.0,2.75,88.0,2.7,"Breakfast","Sausage Biscuit (Large Biscuit)","4.6 oz (131 g)",12.0,"cluster_1"
510.0,33.0,1170.0,36.0,2.0,18.0,60.0,0.0,1.5,110.0,3.6,"Breakfast","Sausage Biscuit with Egg (Regular Biscuit)","5.7 oz (163 g)",13.0,"cluster_1"
570.0,37.0,1280.0,42.0,3.0,18.0,100.0,0.0,2.75,110.0,3.6,"Breakfast","Sausage Biscuit with Egg (Large Biscuit)","6.2 oz (177 g)",14.0,"cluster_1"
460.0,27.0,1180.0,34.0,3.0,18.0,0.0,0.0,1.5,88.0,2.7,"Breakfast","Sausage Biscuit with Egg Whites (Regular Biscuit)","5.9 oz (167 g)",15.0,"cluster_1"
520.0,32.0,1290.0,40.0,3.0,18.0,40.0,0.0,2.75,88.0,2.7,"Breakfast","Sausage Biscuit with Egg Whites (Large Biscuit)","6.4 oz (181 g)",16.0,"cluster_1"
410.0,20.0,1180.0,41.0,3.0,17.0,0.0,1.2,1.5,66.0,2.7,"Breakfast","Southern Style Chicken Biscuit (Regular Biscuit)","5 oz (143 g)",17.0,"cluster_1"
470.0,24.0,1290.0,46.0,4.0,17.0,40.0,1.2,2.75,88.0,2.7,"Breakfast","Southern Style Chicken Biscuit (Large Biscuit)","5.5 oz (157 g)",18.0,"cluster_1"
540.0,32.0,1470.0,38.0,3.0,25.0,100.0,1.2,2.0,220.0,4.5,"Breakfast","Steak & Egg Biscuit (Regular Biscuit)","7.1 oz (201 g)",19.0,"cluster_1"
460.0,21.0,1250.0,48.0,15.0,19.0,100.0,6.0,2.25,220.0,2.7,"Breakfast","Bacon, Egg & Cheese McGriddles","6.1 oz (174 g)",20.0,"cluster_1"
400.0,15.0,1250.0,47.0,16.0,20.0,20.0,6.0,2.25,165.0,1.8,"Breakfast","Bacon, Egg & Cheese McGriddles with Egg Whites","6.3 oz (178 g)",21.0,"cluster_1"
420.0,22.0,1030.0,44.0,15.0,11.0,0.0,0.0,2.0,88.0,1.8,"Breakfast","Sausage McGriddles","5 oz (141 g)",22.0,"cluster_1"
550.0,31.0,1320.0,48.0,15.0,20.0,100.0,0.0,2.25,220.0,2.7,"Breakfast","Sausage, Egg & Cheese McGriddles","7.1 oz (201 g)",23.0,"cluster_1"
500.0,26.0,1320.0,46.0,15.0,21.0,20.0,0.0,2.25,220.0,1.8,"Breakfast","Sausage, Egg & Cheese McGriddles with Egg Whites","7.2 oz (205 g)",24.0,"cluster_1"
620.0,31.0,1480.0,57.0,7.0,30.0,200.0,9.0,2.75,220.0,3.6,"Breakfast","Bacon, Egg & Cheese Bagel","6.9 oz (197 g)",25.0,"cluster_1"
570.0,25.0,1480.0,55.0,8.0,30.0,100.0,9.0,3.0,220.0,2.7,"Breakfast","Bacon, Egg & Cheese Bagel with Egg Whites","7.1 oz (201 g)",26.0,"cluster_1"
670.0,35.0,1510.0,56.0,7.0,33.0,200.0,2.4,3.0,275.0,4.5,"Breakfast","Steak, Egg & Cheese Bagel","8.5 oz (241 g)",27.0,"cluster_1"
740.0,48.0,1560.0,51.0,3.0,28.0,150.0,1.2,3.0,165.0,4.5,"Breakfast","Big Breakfast (Regular Biscuit)","9.5 oz (269 g)",28.0,"cluster_1"
800.0,52.0,1680.0,56.0,3.0,28.0,150.0,1.2,4.25,165.0,5.4,"Breakfast","Big Breakfast (Large Biscuit)","10 oz (283 g)",29.0,"cluster_1"
640.0,37.0,1590.0,50.0,3.0,26.0,0.0,1.2,3.0,110.0,2.7,"Breakfast","Big Breakfast with Egg Whites (Regular Biscuit)","9.6 oz (272 g)",30.0,"cluster_1"
690.0,41.0,1700.0,55.0,4.0,26.0,40.0,1.2,4.25,110.0,2.7,"Breakfast","Big Breakfast with Egg Whites (Large Biscuit)","10.1 oz (286 g)",31.0,"cluster_1"
1090.0,56.0,2150.0,111.0,17.0,36.0,150.0,1.2,5.75,275.0,7.2,"Breakfast","Big Breakfast with Hotcakes (Regular Biscuit)","14.8 oz (420 g)",32.0,"cluster_1"
1150.0,60.0,2260.0,116.0,17.0,36.0,150.0,1.2,7.0,330.0,7.2,"Breakfast","Big Breakfast with Hotcakes (Large Biscuit)","15.3 oz (434 g)",33.0,"cluster_1"
990.0,46.0,2170.0,110.0,17.0,35.0,0.0,1.2,5.75,275.0,5.4,"Breakfast","Big Breakfast with Hotcakes and Egg Whites (Regular Biscuit)","14.9 oz (423 g)",34.0,"cluster_1"
1050.0,50.0,2290.0,115.0,18.0,35.0,40.0,1.2,7.0,275.0,5.4,"Breakfast","Big Breakfast with Hotcakes and Egg Whites (Large Biscuit)","15.4 oz (437 g)",35.0,"cluster_1"
350.0,9.0,590.0,60.0,14.0,8.0,0.0,0.0,2.5,165.0,2.7,"Breakfast","Hotcakes","5.3 oz (151 g)",36.0,"cluster_2"
520.0,24.0,930.0,61.0,14.0,15.0,0.0,0.0,2.5,165.0,2.7,"Breakfast","Hotcakes and Sausage","6.8 oz (192 g)",37.0,"cluster_1"
300.0,16.0,790.0,26.0,2.0,12.0,100.0,1.2,1.25,165.0,2.7,"Breakfast","Sausage Burrito","3.9 oz (111 g)",38.0,"cluster_1"
150.0,9.0,310.0,15.0,0.0,1.0,0.0,1.2,1.5,0.0,0.36,"Breakfast","Hash Brown","2 oz (56 g)",39.0,"cluster_2"
460.0,19.0,370.0,66.0,32.0,6.0,40.0,0.0,2.75,66.0,2.7,"Breakfast","Cinnamon Melts","4 oz (114 g)",40.0,"cluster_1"
290.0,4.0,160.0,58.0,32.0,5.0,20.0,78.0,4.75,110.0,1.8,"Breakfast","Fruit & Maple Oatmeal","9.6 oz (251 g)",41.0,"cluster_2"
260.0,4.0,115.0,49.0,18.0,5.0,20.0,78.0,5.5,66.0,1.8,"Breakfast","Fruit & Maple Oatmeal without Brown Sugar","9.6 oz (251 g)",42.0,"cluster_2"
530.0,27.0,960.0,47.0,9.0,24.0,60.0,1.2,3.25,275.0,4.5,"Beef & Pork","Big Mac","7.4 oz (211 g)",43.0,"cluster_1"
520.0,26.0,1100.0,41.0,10.0,30.0,100.0,1.2,2.75,330.0,4.5,"Beef & Pork","Quarter Pounder with Cheese","7.1 oz (202 g)",44.0,"cluster_1"
600.0,29.0,1440.0,48.0,12.0,37.0,60.0,9.0,3.0,275.0,5.4,"Beef & Pork","Quarter Pounder with Bacon & Cheese","8 oz (227 g)",45.0,"cluster_1"
610.0,31.0,1180.0,46.0,10.0,37.0,80.0,12.0,3.5,275.0,5.4,"Beef & Pork","Quarter Pounder with Bacon Habanero Ranch","8.3 oz (235 g)",46.0,"cluster_1"
540.0,27.0,960.0,45.0,9.0,29.0,100.0,4.8,3.25,275.0,5.4,"Beef & Pork","Quarter Pounder Deluxe","8.6 oz (244 g)",47.0,"cluster_1"
750.0,43.0,1280.0,42.0,10.0,48.0,100.0,1.2,2.75,330.0,6.3,"Beef & Pork","Double Quarter Pounder with Cheese","10 oz (283 g)",48.0,"cluster_1"
240.0,8.0,480.0,32.0,6.0,12.0,20.0,1.2,1.5,110.0,2.7,"Beef & Pork","Hamburger","3.5 oz (98 g)",49.0,"cluster_2"
290.0,11.0,680.0,33.0,7.0,15.0,60.0,1.2,1.75,220.0,2.7,"Beef & Pork","Cheeseburger","4 oz (113 g)",50.0,"cluster_1"
430.0,21.0,1040.0,35.0,7.0,24.0,100.0,1.2,2.0,330.0,3.6,"Beef & Pork","Double Cheeseburger","5.7 oz (161 g)",51.0,"cluster_1"
720.0,40.0,1470.0,51.0,14.0,39.0,80.0,15.0,3.5,330.0,4.5,"Beef & Pork","Bacon Clubhouse Burger","9.5 oz (270 g)",52.0,"cluster_1"
380.0,17.0,840.0,34.0,7.0,22.0,60.0,1.2,1.75,220.0,3.6,"Beef & Pork","McDouble","5.2 oz (147 g)",53.0,"cluster_1"
440.0,22.0,1110.0,35.0,7.0,27.0,60.0,6.0,1.75,220.0,3.6,"Beef & Pork","Bacon McDouble","5.7 oz (161 g)",54.0,"cluster_1"
430.0,22.0,760.0,34.0,7.0,22.0,80.0,4.8,2.0,220.0,3.6,"Beef & Pork","Daily Double","6.7 oz (190 g)",55.0,"cluster_1"
430.0,23.0,1030.0,35.0,6.0,22.0,60.0,4.8,1.75,220.0,3.6,"Beef & Pork","Jalapeño Double","5.6 oz (159 g)",56.0,"cluster_1"
500.0,26.0,980.0,44.0,11.0,22.0,20.0,1.2,2.5,165.0,3.6,"Beef & Pork","McRib","7.3 oz (208 g)",57.0,"cluster_1"
510.0,22.0,990.0,55.0,10.0,24.0,40.0,3.6,3.25,165.0,3.6,"Chicken & Fish","Premium Crispy Chicken Classic Sandwich","7.5 oz (213 g)",58.0,"cluster_1"
350.0,9.0,820.0,42.0,8.0,28.0,40.0,4.8,3.25,165.0,3.6,"Chicken & Fish","Premium Grilled Chicken Classic Sandwich","7 oz (200 g)",59.0,"cluster_1"
670.0,33.0,1410.0,58.0,11.0,36.0,80.0,12.0,3.5,330.0,3.6,"Chicken & Fish","Premium Crispy Chicken Club Sandwich","8.8 oz (249 g)",60.0,"cluster_1"
510.0,20.0,1250.0,44.0,9.0,40.0,80.0,12.0,3.25,330.0,3.6,"Chicken & Fish","Premium Grilled Chicken Club Sandwich","8.3 oz (235 g)",61.0,"cluster_1"
610.0,28.0,1400.0,57.0,11.0,32.0,40.0,12.0,3.25,165.0,3.6,"Chicken & Fish","Premium Crispy Chicken Ranch BLT Sandwich","8.1 oz (230 g)",62.0,"cluster_1"
450.0,15.0,1230.0,43.0,9.0,36.0,40.0,12.0,3.25,165.0,3.6,"Chicken & Fish","Premium Grilled Chicken Ranch BLT Sandwich","7.6 oz (217 g)",63.0,"cluster_1"
750.0,38.0,1720.0,65.0,16.0,36.0,80.0,15.0,3.75,330.0,2.7,"Chicken & Fish","Bacon Clubhouse Crispy Chicken Sandwich","10 oz (284 g)",64.0,"cluster_1"
590.0,25.0,1560.0,51.0,14.0,40.0,80.0,18.0,3.75,330.0,2.7,"Chicken & Fish","Bacon Clubhouse Grilled Chicken Sandwich","9.5 oz (270 g)",65.0,"cluster_1"
430.0,19.0,910.0,43.0,7.0,21.0,40.0,1.2,1.75,165.0,2.7,"Chicken & Fish","Southern Style Crispy Chicken Sandwich","5.6 oz (160 g)",66.0,"cluster_1"
360.0,16.0,800.0,40.0,5.0,14.0,0.0,1.2,1.75,110.0,2.7,"Chicken & Fish","McChicken","5.1 oz (143 g)",67.0,"cluster_1"
480.0,24.0,1260.0,43.0,6.0,22.0,40.0,6.0,2.0,220.0,2.7,"Chicken & Fish","Bacon Cheddar McChicken","6 oz (171 g)",68.0,"cluster_1"
430.0,21.0,1260.0,41.0,6.0,20.0,20.0,6.0,1.75,165.0,2.7,"Chicken & Fish","Bacon Buffalo Ranch McChicken","5.7 oz (161 g)",69.0,"cluster_1"
360.0,16.0,990.0,40.0,5.0,14.0,20.0,1.2,1.75,165.0,2.7,"Chicken & Fish","Buffalo Ranch McChicken","5.2 oz (148 g)",70.0,"cluster_1"
630.0,32.0,1540.0,56.0,7.0,32.0,600.0,12.0,3.25,220.0,3.6,"Chicken & Fish","Premium McWrap Chicken & Bacon (Crispy Chicken)","11.1 oz (316 g)",71.0,"cluster_1"
480.0,19.0,1370.0,42.0,6.0,36.0,600.0,15.0,3.25,220.0,3.6,"Chicken & Fish","Premium McWrap Chicken & Bacon (Grilled Chicken)","10.7 oz (302 g)",72.0,"cluster_1"
610.0,31.0,1340.0,56.0,8.0,27.0,600.0,9.0,3.5,220.0,3.6,"Chicken & Fish","Premium McWrap Chicken & Ranch (Crispy Chicken)","10.9 oz (310 g)",73.0,"cluster_1"
450.0,18.0,1170.0,42.0,6.0,30.0,600.0,9.0,3.5,165.0,3.6,"Chicken & Fish","Premium McWrap Chicken & Ranch (Grilled Chicken)","10.5 oz (297 g)",74.0,"cluster_1"
670.0,33.0,1480.0,68.0,12.0,27.0,600.0,9.0,4.75,220.0,3.6,"Chicken & Fish","Premium McWrap Southwest Chicken (Crispy Chicken)","11.1 oz (314 g)",75.0,"cluster_1"
520.0,20.0,1320.0,55.0,10.0,31.0,700.0,9.0,5.0,220.0,3.6,"Chicken & Fish","Premium McWrap Southwest Chicken (Grilled Chicken)","11.2 oz (318 g)",76.0,"cluster_1"
540.0,23.0,1260.0,61.0,14.0,23.0,600.0,9.0,3.25,88.0,3.6,"Chicken & Fish","Premium McWrap Chicken Sweet Chili (Crispy Chicken)","10.7 oz (304 g)",77.0,"cluster_1"
380.0,10.0,1090.0,47.0,12.0,27.0,600.0,9.0,3.25,88.0,3.6,"Chicken & Fish","Premium McWrap Chicken Sweet Chili (Grilled Chicken)","10.3 oz (291 g)",78.0,"cluster_1"
190.0,12.0,360.0,12.0,0.0,9.0,0.0,1.2,0.5,0.0,0.36,"Chicken & Fish","Chicken McNuggets (4 piece)","2.3 oz (65 g)",79.0,"cluster_2"
280.0,18.0,540.0,18.0,0.0,13.0,0.0,1.2,1.0,22.0,0.72,"Chicken & Fish","Chicken McNuggets (6 piece)","3.4 oz (97 g)",80.0,"cluster_2"
470.0,30.0,900.0,30.0,0.0,22.0,0.0,2.4,1.5,22.0,1.08,"Chicken & Fish","Chicken McNuggets (10 piece)","5.7 oz (162 g)",81.0,"cluster_1"
940.0,59.0,1800.0,59.0,0.0,44.0,0.0,4.8,3.0,44.0,1.8,"Chicken & Fish","Chicken McNuggets (20 piece)","11.4 oz (323 g)",82.0,"cluster_1"
1880.0,118.0,3600.0,118.0,1.0,87.0,0.0,9.0,6.0,88.0,4.5,"Chicken & Fish","Chicken McNuggets (40 piece)","22.8 oz (646 g)",83.0,"cluster_1"
390.0,19.0,590.0,39.0,5.0,15.0,20.0,0.0,1.75,165.0,1.8,"Chicken & Fish","Filet-O-Fish","5 oz (142 g)",84.0,"cluster_1"
140.0,7.0,300.0,10.0,4.0,9.0,1700.0,18.0,3.0,165.0,1.08,"Salads","Premium Bacon Ranch Salad (without Chicken)","7.9 oz (223 g)",85.0,"cluster_2"
380.0,21.0,860.0,22.0,5.0,25.0,1000.0,15.0,2.5,165.0,1.44,"Salads","Premium Bacon Ranch Salad with Crispy Chicken","9 oz (255 g)",86.0,"cluster_1"
220.0,8.0,690.0,8.0,4.0,29.0,1100.0,18.0,2.5,165.0,1.44,"Salads","Premium Bacon Ranch Salad with Grilled Chicken","8.5 oz (241 g)",87.0,"cluster_1"
140.0,4.5,150.0,20.0,6.0,6.0,1600.0,15.0,5.75,165.0,1.8,"Salads","Premium Southwest Salad (without Chicken)","8.1 oz (230 g)",88.0,"cluster_1"
450.0,22.0,850.0,42.0,12.0,23.0,1700.0,18.0,7.0,165.0,2.7,"Salads","Premium Southwest Salad with Crispy Chicken","12.3 oz (348 g)",89.0,"cluster_1"
290.0,8.0,680.0,28.0,10.0,27.0,1700.0,18.0,7.0,165.0,2.7,"Salads","Premium Southwest Salad with Grilled Chicken","11.8 oz (335 g)",90.0,"cluster_1"
340.0,15.0,780.0,37.0,8.0,14.0,40.0,0.0,1.5,110.0,1.8,"Snacks & Sides","Chipotle BBQ Snack Wrap (Crispy Chicken)","4.6 oz (130 g)",91.0,"cluster_2"
260.0,8.0,700.0,30.0,7.0,16.0,40.0,1.2,1.5,110.0,1.8,"Snacks & Sides","Chipotle BBQ Snack Wrap (Grilled Chicken)","4.3 oz (123 g)",92.0,"cluster_2"
330.0,15.0,730.0,34.0,3.0,14.0,20.0,0.0,1.25,110.0,1.8,"Snacks & Sides","Honey Mustard Snack Wrap (Crispy Chicken)","4.3 oz (123 g)",93.0,"cluster_2"
250.0,8.0,650.0,27.0,2.0,16.0,20.0,1.2,1.25,110.0,1.8,"Snacks & Sides","Honey Mustard Snack Wrap (Grilled Chicken)","4.1 oz (116 g)",94.0,"cluster_2"
360.0,20.0,810.0,32.0,3.0,15.0,20.0,0.0,1.25,110.0,1.8,"Snacks & Sides","Ranch Snack Wrap (Crispy Chicken)","4.5 oz (128 g)",95.0,"cluster_1"
280.0,13.0,720.0,25.0,2.0,16.0,20.0,1.2,1.25,110.0,1.8,"Snacks & Sides","Ranch Snack Wrap (Grilled Chicken)","4.3 oz (121 g)",96.0,"cluster_2"
230.0,11.0,130.0,30.0,0.0,2.0,0.0,18.0,2.5,0.0,0.72,"Snacks & Sides","Small French Fries","2.6 oz (75 g)",97.0,"cluster_2"
340.0,16.0,190.0,44.0,0.0,4.0,0.0,27.0,3.5,22.0,0.72,"Snacks & Sides","Medium French Fries","3.9 oz (111 g)",98.0,"cluster_2"
510.0,24.0,290.0,67.0,0.0,6.0,0.0,42.0,5.5,22.0,1.44,"Snacks & Sides","Large French Fries","5.9 oz (168 g)",99.0,"cluster_1"
110.0,5.0,65.0,15.0,0.0,1.0,0.0,9.0,1.25,0.0,0.36,"Snacks & Sides","Kids French Fries","1.3 oz (38 g)",100.0,"cluster_2"
20.0,0.0,10.0,4.0,2.0,1.0,450.0,15.0,1.5,22.0,0.72,"Snacks & Sides","Side Salad","3.1 oz (87 g)",101.0,"cluster_2"
15.0,0.0,0.0,4.0,3.0,0.0,0.0,96.0,0.0,22.0,0.0,"Snacks & Sides","Apple Slices","1.2 oz (34 g)",102.0,"cluster_2"
150.0,2.0,70.0,30.0,23.0,4.0,20.0,9.0,0.75,110.0,0.72,"Snacks & Sides","Fruit 'n Yogurt Parfait","5.2 oz (149 g)",103.0,"cluster_2"
250.0,13.0,170.0,32.0,13.0,2.0,40.0,15.0,3.75,22.0,1.08,"Desserts","Baked Apple Pie","2.7 oz (77 g)",104.0,"cluster_2"
160.0,8.0,90.0,21.0,15.0,2.0,20.0,0.0,0.75,22.0,1.44,"Desserts","Chocolate Chip Cookie","1 cookie (33 g)",105.0,"cluster_2"
150.0,6.0,135.0,22.0,13.0,2.0,20.0,0.0,0.75,22.0,1.08,"Desserts","Oatmeal Raisin Cookie","1 cookie (33 g)",106.0,"cluster_2"
45.0,1.5,20.0,7.0,6.0,1.0,20.0,0.0,0.0,44.0,0.0,"Desserts","Kids Ice Cream Cone","1 oz (29 g)",107.0,"cluster_2"
330.0,9.0,170.0,53.0,48.0,8.0,80.0,0.0,0.75,275.0,1.44,"Desserts","Hot Fudge Sundae","6.3 oz (179 g)",108.0,"cluster_0"
340.0,8.0,150.0,60.0,43.0,7.0,100.0,0.0,0.0,275.0,0.0,"Desserts","Hot Caramel Sundae","6.4 oz (182 g)",109.0,"cluster_0"
280.0,6.0,85.0,49.0,45.0,6.0,80.0,2.4,0.0,220.0,0.0,"Desserts","Strawberry Sundae","6.3 oz (178 g)",110.0,"cluster_2"
140.0,0.0,0.0,39.0,39.0,0.0,0.0,0.0,0.0,0.0,0.0,"Beverages","Coca-Cola Classic (Small)","16 fl oz cup",111.0,"cluster_2"
200.0,0.0,5.0,55.0,55.0,0.0,0.0,0.0,0.0,0.0,0.0,"Beverages","Coca-Cola Classic (Medium)","21 fl oz cup",112.0,"cluster_2"
280.0,0.0,5.0,76.0,76.0,0.0,0.0,0.0,0.0,0.0,0.0,"Beverages","Coca-Cola Classic (Large)","30 fl oz cup",113.0,"cluster_2"
100.0,0.0,0.0,28.0,28.0,0.0,0.0,0.0,0.0,0.0,0.0,"Beverages","Coca-Cola Classic (Child)","12 fl oz cup",114.0,"cluster_2"
0.0,0.0,10.0,0.0,0.0,0.0,0.0,0.0,0.0,0.0,0.0,"Beverages","Diet Coke (Small)","16 fl oz cup",115.0,"cluster_2"
0.0,0.0,20.0,0.0,0.0,0.0,0.0,0.0,0.0,0.0,0.0,"Beverages","Diet Coke (Medium)","21 fl oz cup",116.0,"cluster_2"
0.0,0.0,35.0,0.0,0.0,0.0,0.0,0.0,0.0,0.0,0.0,"Beverages","Diet Coke (Large)","30 fl oz cup",117.0,"cluster_2"
0.0,0.0,15.0,0.0,0.0,0.0,0.0,0.0,0.0,0.0,0.0,"Beverages","Diet Coke (Child)","12 fl oz cup",118.0,"cluster_2"
140.0,0.0,45.0,37.0,35.0,0.0,0.0,0.0,0.0,0.0,0.0,"Beverages","Dr Pepper (Small)","16 fl oz cup",119.0,"cluster_2"
190.0,0.0,65.0,53.0,51.0,0.0,0.0,0.0,0.0,0.0,0.0,"Beverages","Dr Pepper (Medium)","21 fl oz cup",120.0,"cluster_2"
270.0,0.0,90.0,72.0,70.0,0.0,0.0,0.0,0.0,0.0,0.0,"Beverages","Dr Pepper (Large)","30 fl oz cup",121.0,"cluster_2"
100.0,0.0,30.0,27.0,26.0,0.0,0.0,0.0,0.0,0.0,0.0,"Beverages","Dr Pepper (Child)","12 fl oz cup",122.0,"cluster_2"
0.0,0.0,70.0,0.0,0.0,2.0,0.0,0.0,0.0,0.0,0.0,"Beverages","Diet Dr Pepper (Small)","16 fl oz cup",123.0,"cluster_2"
0.0,0.0,100.0,0.0,0.0,3.0,0.0,0.0,0.0,0.0,0.0,"Beverages","Diet Dr Pepper (Medium)","21 fl oz cup",124.0,"cluster_2"
0.0,0.0,140.0,0.0,0.0,4.0,0.0,0.0,0.0,0.0,0.0,"Beverages","Diet Dr Pepper (Large)","30 fl oz cup",125.0,"cluster_2"
0.0,0.0,50.0,0.0,0.0,1.0,0.0,0.0,0.0,0.0,0.0,"Beverages","Diet Dr Pepper (Child)","12 fl oz cup",126.0,"cluster_2"
140.0,0.0,30.0,37.0,37.0,0.0,0.0,0.0,0.0,0.0,0.0,"Beverages","Sprite (Small)","16 fl oz cup",127.0,"cluster_2"
200.0,0.0,45.0,54.0,54.0,0.0,0.0,0.0,0.0,0.0,0.0,"Beverages","Sprite (Medium)","21 fl oz cup",128.0,"cluster_2"
280.0,0.0,60.0,74.0,74.0,0.0,0.0,0.0,0.0,0.0,0.0,"Beverages","Sprite (Large)","30 fl oz cup",129.0,"cluster_2"
100.0,0.0,25.0,27.0,27.0,0.0,0.0,0.0,0.0,0.0,0.0,"Beverages","Sprite (Child)","12 fl oz cup",130.0,"cluster_2"
100.0,2.5,125.0,12.0,12.0,8.0,100.0,2.4,0.0,330.0,0.0,"Beverages","1% Low Fat Milk Jug","1 carton (236 ml)",131.0,"cluster_2"
130.0,0.0,135.0,23.0,22.0,9.0,100.0,0.0,0.5,330.0,1.44,"Beverages","Fat Free Chocolate Milk Jug","1 carton (236 ml)",132.0,"cluster_2"
80.0,0.0,15.0,21.0,19.0,0.0,0.0,60.0,0.0,110.0,0.0,"Beverages","Minute Maid 100% Apple Juice Box","6 fl oz (177 ml)",133.0,"cluster_2"
150.0,0.0,0.0,34.0,30.0,2.0,0.0,78.0,0.0,22.0,0.0,"Beverages","Minute Maid Orange Juice (Small)","12 fl oz cup",134.0,"cluster_2"
190.0,0.0,0.0,44.0,39.0,3.0,0.0,96.0,0.0,44.0,0.0,"Beverages","Minute Maid Orange Juice (Medium)","16 fl oz cup",135.0,"cluster_2"
280.0,0.0,5.0,65.0,58.0,4.0,0.0,144.0,0.0,44.0,0.0,"Beverages","Minute Maid Orange Juice (Large)","22 fl oz cup",136.0,"cluster_2"
0.0,0.0,0.0,0.0,0.0,0.0,0.0,0.0,0.0,0.0,0.0,"Beverages","Dasani Water Bottle","16.9 fl oz",137.0,"cluster_2"
0.0,0.0,10.0,0.0,0.0,0.0,0.0,0.0,0.0,0.0,0.0,"Coffee & Tea","Iced Tea (Small)","16 fl oz cup",138.0,"cluster_2"
0.0,0.0,10.0,0.0,0.0,0.0,0.0,0.0,0.0,0.0,0.0,"Coffee & Tea","Iced Tea (Medium)","21 fl oz cup",139.0,"cluster_2"
0.0,0.0,15.0,0.0,0.0,0.0,0.0,0.0,0.0,0.0,0.0,"Coffee & Tea","Iced Tea (Large)","30 fl oz cup",140.0,"cluster_2"
0.0,0.0,5.0,0.0,0.0,0.0,0.0,0.0,0.0,0.0,0.0,"Coffee & Tea","Iced Tea (Child)","12 fl oz cup",141.0,"cluster_2"
150.0,0.0,10.0,36.0,36.0,1.0,0.0,0.0,0.0,0.0,0.0,"Coffee & Tea","Sweet Tea (Small)","16 fl oz cup",142.0,"cluster_2"
180.0,0.0,10.0,45.0,45.0,1.0,0.0,0.0,0.0,0.0,0.0,"Coffee & Tea","Sweet Tea (Medium)","21 fl oz cup",143.0,"cluster_2"
220.0,0.0,10.0,54.0,54.0,1.0,0.0,0.0,0.0,0.0,0.0,"Coffee & Tea","Sweet Tea (Large)","30 fl oz cup",144.0,"cluster_2"
110.0,0.0,5.0,27.0,27.0,0.0,0.0,0.0,0.0,0.0,0.0,"Coffee & Tea","Sweet Tea (Child)","12 fl oz cup",145.0,"cluster_2"
0.0,0.0,0.0,0.0,0.0,0.0,0.0,0.0,0.0,0.0,0.0,"Coffee & Tea","Coffee (Small)","12 fl oz cup",146.0,"cluster_2"
0.0,0.0,0.0,0.0,0.0,0.0,0.0,0.0,0.0,0.0,0.0,"Coffee & Tea","Coffee (Medium)","16 fl oz cup",147.0,"cluster_2"
0.0,0.0,0.0,0.0,0.0,0.0,0.0,0.0,0.0,0.0,0.0,"Coffee & Tea","Coffee (Large)","16 fl oz cup",148.0,"cluster_2"
170.0,9.0,115.0,15.0,12.0,9.0,80.0,0.0,0.75,330.0,0.0,"Coffee & Tea","Latte (Small)","12 fl oz cup",149.0,"cluster_2"
210.0,10.0,140.0,18.0,15.0,11.0,100.0,0.0,1.0,385.0,0.0,"Coffee & Tea","Latte (Medium)","16 fl oz cup",150.0,"cluster_2"
280.0,14.0,180.0,24.0,20.0,15.0,150.0,0.0,1.5,550.0,0.36,"Coffee & Tea","Latte (Large)","20 fl oz cup",151.0,"cluster_0"
270.0,9.0,115.0,40.0,38.0,9.0,80.0,0.0,0.75,330.0,0.0,"Coffee & Tea","Caramel Latte (Small)","12 fl oz cup",152.0,"cluster_2"
340.0,10.0,140.0,50.0,48.0,11.0,100.0,0.0,1.0,385.0,0.0,"Coffee & Tea","Caramel Latte (Medium)","16 fl oz cup",153.0,"cluster_0"
430.0,14.0,180.0,62.0,59.0,15.0,150.0,0.0,1.5,550.0,0.36,"Coffee & Tea","Caramel Latte (Large)","20 fl oz cup",154.0,"cluster_0"
270.0,9.0,115.0,40.0,38.0,9.0,80.0,0.0,0.75,330.0,0.0,"Coffee & Tea","Hazelnut Latte (Small)","12 fl oz cup",155.0,"cluster_2"
330.0,10.0,140.0,50.0,47.0,11.0,100.0,0.0,1.0,385.0,0.0,"Coffee & Tea","Hazelnut Latte (Medium)","16 fl oz cup",156.0,"cluster_0"
430.0,14.0,180.0,62.0,58.0,15.0,150.0,0.0,1.5,550.0,0.36,"Coffee & Tea","Hazelnut Latte (Large)","20 fl oz cup",157.0,"cluster_0"
260.0,9.0,115.0,38.0,36.0,9.0,80.0,0.0,0.75,330.0,0.0,"Coffee & Tea","French Vanilla Latte (Small)","12 fl oz cup",158.0,"cluster_2"
330.0,10.0,140.0,48.0,45.0,11.0,100.0,0.0,1.0,385.0,0.36,"Coffee & Tea","French Vanilla Latte (Medium)","16 fl oz cup",159.0,"cluster_0"
420.0,14.0,190.0,60.0,56.0,15.0,150.0,0.0,1.5,550.0,0.36,"Coffee & Tea","French Vanilla Latte (Large)","20 fl oz cup",160.0,"cluster_0"
210.0,9.0,150.0,24.0,12.0,9.0,80.0,0.0,1.0,330.0,0.0,"Coffee & Tea","Latte with Sugar Free French Vanilla Syrup (Small)","12 fl oz cup",161.0,"cluster_2"
260.0,10.0,190.0,29.0,15.0,12.0,100.0,0.0,1.25,385.0,0.0,"Coffee & Tea","Latte with Sugar Free French Vanilla Syrup (Medium)","16 fl oz cup",162.0,"cluster_2"
330.0,14.0,240.0,37.0,20.0,15.0,150.0,0.0,1.75,550.0,0.36,"Coffee & Tea","Latte with Sugar Free French Vanilla Syrup (Large)","20 fl oz cup",163.0,"cluster_0"
100.0,0.0,110.0,15.0,13.0,10.0,100.0,0.0,0.75,330.0,0.0,"Coffee & Tea","Nonfat Latte (Small)","12 fl oz cup",164.0,"cluster_2"
130.0,0.0,135.0,19.0,16.0,12.0,150.0,0.0,1.0,440.0,0.0,"Coffee & Tea","Nonfat Latte (Medium)","16 fl oz cup",165.0,"cluster_2"
170.0,0.5,180.0,25.0,21.0,16.0,150.0,0.0,1.5,550.0,0.36,"Coffee & Tea","Nonfat Latte (Large)","20 fl oz cup",166.0,"cluster_2"
200.0,0.0,110.0,41.0,39.0,10.0,100.0,0.0,0.75,330.0,0.0,"Coffee & Tea","Nonfat Caramel Latte (Small)","12 fl oz cup",167.0,"cluster_2"
250.0,0.0,135.0,51.0,48.0,12.0,150.0,0.0,1.0,440.0,0.0,"Coffee & Tea","Nonfat Caramel Latte (Medium)","16 fl oz cup",168.0,"cluster_0"
310.0,0.5,180.0,63.0,59.0,16.0,150.0,0.0,1.5,550.0,0.36,"Coffee & Tea","Nonfat Caramel Latte (Large)","20 fl oz cup",169.0,"cluster_0"
200.0,0.0,110.0,40.0,38.0,10.0,100.0,0.0,0.75,330.0,0.0,"Coffee & Tea","Nonfat Hazelnut Latte (Small)","12 fl oz cup",170.0,"cluster_2"
250.0,0.0,135.0,51.0,48.0,12.0,150.0,0.0,1.0,440.0,0.0,"Coffee & Tea","Nonfat Hazelnut Latte (Medium)","16 fl oz cup",171.0,"cluster_0"
310.0,0.5,180.0,63.0,59.0,16.0,150.0,0.0,1.5,550.0,0.36,"Coffee & Tea","Nonfat Hazelnut Latte (Large)","20 fl oz cup",172.0,"cluster_0"
190.0,0.0,115.0,39.0,37.0,10.0,100.0,0.0,0.75,330.0,0.0,"Coffee & Tea","Nonfat French Vanilla Latte (Small)","12 fl oz cup",173.0,"cluster_2"
240.0,0.0,140.0,49.0,46.0,12.0,150.0,0.0,1.0,440.0,0.36,"Coffee & Tea","Nonfat French Vanilla Latte (Medium)","16 fl oz cup",174.0,"cluster_0"
300.0,0.5,180.0,60.0,56.0,16.0,150.0,0.0,1.5,550.0,0.36,"Coffee & Tea","Nonfat French Vanilla Latte (Large)","20 fl oz cup",175.0,"cluster_0"
140.0,0.0,150.0,24.0,13.0,10.0,100.0,0.0,1.0,330.0,0.0,"Coffee & Tea","Nonfat Latte with Sugar Free French Vanilla Syrup (Small)","12 fl oz cup",176.0,"cluster_2"
170.0,0.0,180.0,30.0,16.0,12.0,150.0,0.0,1.25,440.0,0.0,"Coffee & Tea","Nonfat Latte with Sugar Free French Vanilla Syrup (Medium)","16 fl oz cup",177.0,"cluster_2"
220.0,0.5,240.0,38.0,21.0,16.0,150.0,0.0,1.75,550.0,0.36,"Coffee & Tea","Nonfat Latte with Sugar Free French Vanilla Syrup (Large)","20 fl oz cup",178.0,"cluster_0"
340.0,11.0,150.0,49.0,42.0,10.0,100.0,0.0,1.5,330.0,1.08,"Coffee & Tea","Mocha (Small)","12 fl oz cup",179.0,"cluster_0"
410.0,14.0,190.0,60.0,53.0,13.0,100.0,0.0,2.0,440.0,1.08,"Coffee & Tea","Mocha (Medium)","16 fl oz cup",180.0,"cluster_0"
500.0,17.0,240.0,72.0,63.0,16.0,150.0,0.0,2.5,550.0,1.44,"Coffee & Tea","Mocha (Large)","20 fl oz cup",181.0,"cluster_0"
270.0,3.5,150.0,49.0,43.0,11.0,100.0,0.0,1.5,385.0,1.08,"Coffee & Tea","Mocha with Nonfat Milk (Small)","12 fl oz cup",182.0,"cluster_0"
330.0,3.5,190.0,60.0,53.0,13.0,150.0,0.0,2.0,440.0,1.08,"Coffee & Tea","Mocha with Nonfat Milk (Medium)","16 fl oz cup",183.0,"cluster_0"
390.0,4.0,240.0,73.0,64.0,17.0,200.0,0.0,2.5,550.0,1.44,"Coffee & Tea","Mocha with Nonfat Milk (Large)","20 fl oz cup",184.0,"cluster_0"
320.0,11.0,170.0,45.0,40.0,10.0,100.0,0.0,0.75,330.0,0.36,"Coffee & Tea","Caramel Mocha (Small)","12 fl oz cup",185.0,"cluster_0"
390.0,14.0,220.0,55.0,50.0,12.0,150.0,0.0,1.0,440.0,0.36,"Coffee & Tea","Caramel Mocha (Medium)","16 fl oz cup",186.0,"cluster_0"
480.0,17.0,270.0,66.0,60.0,16.0,150.0,0.0,1.25,550.0,0.72,"Coffee & Tea","Caramel Mocha (Large)","20 fl oz cup",187.0,"cluster_0"
250.0,3.5,170.0,45.0,41.0,10.0,100.0,0.0,0.75,385.0,0.36,"Coffee & Tea","Nonfat Caramel Mocha (Small)","12 fl oz cup",188.0,"cluster_0"
310.0,3.5,210.0,56.0,51.0,13.0,150.0,0.0,1.0,440.0,0.36,"Coffee & Tea","Nonfat Caramel Mocha (Medium)","16 fl oz cup",189.0,"cluster_0"
370.0,3.5,270.0,67.0,61.0,17.0,200.0,0.0,1.25,550.0,0.72,"Coffee & Tea","Nonfat Caramel Mocha (Large)","20 fl oz cup",190.0,"cluster_0"
360.0,13.0,180.0,50.0,45.0,11.0,100.0,0.0,0.75,440.0,1.08,"Coffee & Tea","Hot Chocolate (Small)","12 fl oz cup",191.0,"cluster_0"
440.0,16.0,220.0,61.0,56.0,14.0,150.0,0.0,1.0,495.0,1.08,"Coffee & Tea","Hot Chocolate (Medium)","16 fl oz cup",192.0,"cluster_0"
540.0,20.0,280.0,73.0,68.0,17.0,200.0,0.0,1.25,660.0,1.44,"Coffee & Tea","Hot Chocolate (Large)","20 fl oz cup",193.0,"cluster_0"
280.0,3.5,180.0,50.0,46.0,12.0,150.0,0.0,0.75,440.0,1.08,"Coffee & Tea","Hot Chocolate with Nonfat Milk (Small)","12 fl oz cup",194.0,"cluster_0"
340.0,3.5,220.0,61.0,57.0,14.0,200.0,0.0,1.0,550.0,1.08,"Coffee & Tea","Hot Chocolate with Nonfat Milk (Medium)","16 fl oz cup",195.0,"cluster_0"
400.0,3.5,280.0,74.0,69.0,19.0,250.0,0.0,1.25,660.0,1.44,"Coffee & Tea","Hot Chocolate with Nonfat Milk (Large)","20 fl oz cup",196.0,"cluster_0"
140.0,4.5,35.0,23.0,22.0,1.0,40.0,0.0,0.0,44.0,0.0,"Coffee & Tea","Regular Iced Coffee (Small)","16 fl oz cup",197.0,"cluster_2"
190.0,7.0,50.0,31.0,30.0,1.0,40.0,0.0,0.0,44.0,0.0,"Coffee & Tea","Regular Iced Coffee (Medium)","22 fl oz cup",198.0,"cluster_2"
270.0,9.0,75.0,47.0,45.0,2.0,60.0,0.0,0.0,88.0,0.0,"Coffee & Tea","Regular Iced Coffee (Large)","32 fl oz cup",199.0,"cluster_2"
130.0,4.5,35.0,22.0,21.0,1.0,40.0,0.0,0.0,44.0,0.0,"Coffee & Tea","Caramel Iced Coffee (Small)","16 fl oz cup",200.0,"cluster_2"
180.0,7.0,50.0,29.0,28.0,1.0,40.0,0.0,0.0,44.0,0.0,"Coffee & Tea","Caramel Iced Coffee (Medium)","22 fl oz cup",201.0,"cluster_2"
260.0,9.0,65.0,43.0,42.0,2.0,60.0,0.0,0.0,66.0,0.0,"Coffee & Tea","Caramel Iced Coffee (Large)","32 fl oz cup",202.0,"cluster_2"
130.0,4.5,35.0,21.0,20.0,1.0,40.0,0.0,0.0,44.0,0.0,"Coffee & Tea","Hazelnut Iced Coffee (Small)","16 fl oz cup",203.0,"cluster_2"
180.0,7.0,50.0,29.0,28.0,1.0,40.0,0.0,0.0,44.0,0.0,"Coffee & Tea","Hazelnut Iced Coffee (Medium)","22 fl oz cup",204.0,"cluster_2"
250.0,9.0,75.0,43.0,41.0,2.0,60.0,0.0,0.0,88.0,0.0,"Coffee & Tea","Hazelnut Iced Coffee (Large)","32 fl oz cup",205.0,"cluster_2"
120.0,4.5,40.0,20.0,19.0,1.0,40.0,0.0,0.0,44.0,0.0,"Coffee & Tea","French Vanilla Iced Coffee (Small)","16 fl oz cup",206.0,"cluster_2"
170.0,7.0,55.0,27.0,26.0,1.0,40.0,0.0,0.0,44.0,0.0,"Coffee & Tea","French Vanilla Iced Coffee (Medium)","22 fl oz cup",207.0,"cluster_2"
240.0,9.0,80.0,41.0,39.0,2.0,60.0,0.0,0.0,88.0,0.0,"Coffee & Tea","French Vanilla Iced Coffee (Large)","32 fl oz cup",208.0,"cluster_2"
80.0,4.5,65.0,9.0,1.0,1.0,40.0,0.0,0.0,44.0,0.0,"Coffee & Tea","Iced Coffee with Sugar Free French Vanilla Syrup (Small)","16 fl oz cup",209.0,"cluster_2"
120.0,7.0,90.0,12.0,2.0,1.0,40.0,0.0,0.0,44.0,0.0,"Coffee & Tea","Iced Coffee with Sugar Free French Vanilla Syrup (Medium)","22 fl oz cup",210.0,"cluster_2"
160.0,9.0,135.0,18.0,2.0,2.0,60.0,0.0,0.0,88.0,0.0,"Coffee & Tea","Iced Coffee with Sugar Free French Vanilla Syrup (Large)","32 fl oz cup",211.0,"cluster_2"
290.0,11.0,125.0,41.0,34.0,8.0,100.0,0.0,1.0,275.0,0.72,"Coffee & Tea","Iced Mocha (Small)","12 fl oz cup",212.0,"cluster_2"
350.0,13.0,150.0,50.0,43.0,9.0,100.0,0.0,1.25,330.0,1.08,"Coffee & Tea","Iced Mocha (Medium)","16 fl oz cup",213.0,"cluster_0"
480.0,16.0,220.0,70.0,62.0,14.0,150.0,0.0,2.0,440.0,1.44,"Coffee & Tea","Iced Mocha (Large)","22 fl oz cup",214.0,"cluster_0"
240.0,5.0,125.0,41.0,35.0,8.0,100.0,0.0,1.0,275.0,0.72,"Coffee & Tea","Iced Mocha with Nonfat Milk (Small)","12 fl oz cup",215.0,"cluster_2"
290.0,5.0,150.0,50.0,43.0,10.0,150.0,0.0,1.25,330.0,1.08,"Coffee & Tea","Iced Mocha with Nonfat Milk (Medium)","16 fl oz cup",216.0,"cluster_0"
390.0,6.0,220.0,71.0,62.0,14.0,200.0,0.0,2.0,495.0,1.44,"Coffee & Tea","Iced Mocha with Nonfat Milk (Large)","22 fl oz cup",217.0,"cluster_0"
280.0,11.0,140.0,38.0,33.0,8.0,100.0,0.0,0.0,275.0,0.36,"Coffee & Tea","Iced Caramel Mocha (Small)","12 fl oz cup",218.0,"cluster_2"
340.0,13.0,170.0,46.0,41.0,9.0,100.0,0.0,0.5,330.0,0.36,"Coffee & Tea","Iced Caramel Mocha (Medium)","16 fl oz cup",219.0,"cluster_0"
460.0,16.0,250.0,65.0,59.0,13.0,150.0,0.0,0.75,440.0,0.72,"Coffee & Tea","Iced Caramel Mocha (Large)","22 fl oz cup",220.0,"cluster_0"
230.0,5.0,140.0,38.0,33.0,8.0,100.0,0.0,0.0,275.0,0.36,"Coffee & Tea","Iced Nonfat Caramel Mocha (Small)","12 fl oz cup",221.0,"cluster_2"
270.0,5.0,170.0,47.0,41.0,10.0,150.0,0.0,0.5,330.0,0.36,"Coffee & Tea","Iced Nonfat Caramel Mocha (Medium)","16 fl oz cup",222.0,"cluster_2"
370.0,6.0,250.0,65.0,59.0,14.0,200.0,0.0,0.75,495.0,0.72,"Coffee & Tea","Iced Nonfat Caramel Mocha (Large)","22 fl oz cup",223.0,"cluster_0"
450.0,18.0,125.0,65.0,57.0,7.0,150.0,0.0,0.75,220.0,0.72,"Coffee & Tea","Frappé Mocha (Small)","12 fl oz cup",224.0,"cluster_0"
550.0,22.0,160.0,80.0,71.0,9.0,150.0,0.0,1.0,275.0,0.72,"Coffee & Tea","Frappé Mocha (Medium)","16 fl oz cup",225.0,"cluster_0"
670.0,26.0,190.0,98.0,88.0,11.0,200.0,0.0,1.0,385.0,0.72,"Coffee & Tea","Frappé Mocha (Large)","22 fl oz cup",226.0,"cluster_0"
450.0,19.0,125.0,64.0,57.0,7.0,150.0,0.0,0.0,275.0,0.36,"Coffee & Tea","Frappé Caramel (Small)","12 fl oz cup",227.0,"cluster_0"
550.0,23.0,160.0,79.0,71.0,9.0,200.0,0.0,0.0,330.0,0.36,"Coffee & Tea","Frappé Caramel (Medium)","16 fl oz cup",228.0,"cluster_0"
670.0,27.0,190.0,96.0,88.0,11.0,200.0,0.0,0.0,385.0,0.36,"Coffee & Tea","Frappé Caramel (Large)","22 fl oz cup",229.0,"cluster_0"
530.0,23.0,135.0,76.0,67.0,8.0,150.0,0.0,1.25,275.0,0.72,"Coffee & Tea","Frappé Chocolate Chip (Small)","12 fl oz cup",230.0,"cluster_0"
630.0,26.0,160.0,91.0,81.0,9.0,150.0,0.0,1.25,330.0,0.72,"Coffee & Tea","Frappé Chocolate Chip (Medium)","16 fl oz cup",231.0,"cluster_0"
760.0,31.0,200.0,111.0,99.0,12.0,200.0,0.0,1.25,385.0,1.08,"Coffee & Tea","Frappé Chocolate Chip (Large)","22 fl oz cup",232.0,"cluster_0"
220.0,0.5,40.0,50.0,44.0,2.0,0.0,1.2,3.0,66.0,0.36,"Smoothies & Shakes","Blueberry Pomegranate Smoothie (Small)","12 fl oz cup",233.0,"cluster_2"
260.0,1.0,50.0,62.0,54.0,3.0,0.0,2.4,3.75,88.0,0.36,"Smoothies & Shakes","Blueberry Pomegranate Smoothie (Medium)","16 fl oz cup",234.0,"cluster_2"
340.0,1.0,65.0,79.0,70.0,4.0,0.0,2.4,4.75,110.0,0.36,"Smoothies & Shakes","Blueberry Pomegranate Smoothie (Large)","22 fl oz cup",235.0,"cluster_0"
210.0,0.5,50.0,47.0,44.0,3.0,0.0,18.0,2.5,88.0,0.36,"Smoothies & Shakes","Strawberry Banana Smoothie (Small)","12 fl oz cup",236.0,"cluster_2"
250.0,1.0,60.0,58.0,54.0,4.0,0.0,21.0,3.25,88.0,0.72,"Smoothies & Shakes","Strawberry Banana Smoothie (Medium)","16 fl oz cup",237.0,"cluster_2"
330.0,1.0,80.0,74.0,70.0,5.0,0.0,27.0,4.0,110.0,0.72,"Smoothies & Shakes","Strawberry Banana Smoothie (Large)","22 fl oz cup",238.0,"cluster_0"
210.0,0.5,40.0,50.0,46.0,2.0,300.0,12.0,1.0,88.0,0.36,"Smoothies & Shakes","Mango Pineapple Smoothie (Small)","12 fl oz cup",239.0,"cluster_2"
260.0,1.0,45.0,61.0,56.0,3.0,400.0,15.0,1.25,88.0,0.36,"Smoothies & Shakes","Mango Pineapple Smoothie (Medium)","16 fl oz cup",240.0,"cluster_2"
340.0,1.0,60.0,78.0,72.0,4.0,500.0,18.0,1.5,110.0,0.36,"Smoothies & Shakes","Mango Pineapple Smoothie (Large)","22 fl oz cup",241.0,"cluster_0"
530.0,15.0,160.0,86.0,63.0,11.0,200.0,0.0,0.0,440.0,0.0,"Smoothies & Shakes","Vanilla Shake (Small)","12 fl oz cup",242.0,"cluster_0"
660.0,19.0,200.0,109.0,81.0,14.0,250.0,0.0,0.0,550.0,0.0,"Smoothies & Shakes","Vanilla Shake (Medium)","16 fl oz cup",243.0,"cluster_0"
820.0,23.0,260.0,135.0,101.0,18.0,300.0,0.0,0.0,660.0,0.0,"Smoothies & Shakes","Vanilla Shake (Large)","22 fl oz cup",244.0,"cluster_0"
550.0,16.0,160.0,90.0,79.0,12.0,200.0,0.0,0.0,440.0,0.0,"Smoothies & Shakes","Strawberry Shake (Small)","12 fl oz cup",245.0,"cluster_0"
690.0,20.0,210.0,114.0,100.0,15.0,250.0,0.0,0.0,550.0,0.0,"Smoothies & Shakes","Strawberry Shake (Medium)","16 fl oz cup",246.0,"cluster_0"
850.0,24.0,260.0,140.0,123.0,18.0,300.0,0.0,0.0,770.0,0.0,"Smoothies & Shakes","Strawberry Shake (Large)","22 fl oz cup",247.0,"cluster_0"
560.0,16.0,240.0,91.0,77.0,12.0,200.0,0.0,1.25,440.0,1.44,"Smoothies & Shakes","Chocolate Shake (Small)","12 fl oz cup",248.0,"cluster_0"
700.0,20.0,300.0,114.0,97.0,15.0,250.0,0.0,1.5,550.0,1.8,"Smoothies & Shakes","Chocolate Shake (Medium)","16 fl oz cup",249.0,"cluster_0"
850.0,23.0,380.0,141.0,120.0,19.0,300.0,0.0,2.0,660.0,2.7,"Smoothies & Shakes","Chocolate Shake (Large)","22 fl oz cup",250.0,"cluster_0"
660.0,19.0,210.0,109.0,93.0,14.0,250.0,0.0,0.0,550.0,0.0,"Smoothies & Shakes","Shamrock Shake (Medium)","16 fl oz cup",251.0,"cluster_0"
820.0,23.0,260.0,135.0,115.0,18.0,300.0,0.0,0.0,660.0,0.0,"Smoothies & Shakes","Shamrock Shake (Large)","22 fl oz cup",252.0,"cluster_0"
650.0,23.0,180.0,96.0,89.0,13.0,150.0,0.0,1.5,495.0,1.44,"Smoothies & Shakes","McFlurry with M&M’s Candies (Small)","10.9 oz (310 g)",253.0,"cluster_0"
930.0,33.0,260.0,139.0,128.0,20.0,250.0,0.0,1.75,770.0,1.8,"Smoothies & Shakes","McFlurry with M&M’s Candies (Medium)","16.2 oz (460 g)",254.0,"cluster_0"
430.0,15.0,120.0,64.0,59.0,9.0,100.0,0.0,1.0,330.0,0.72,"Smoothies & Shakes","McFlurry with M&M’s Candies (Snack)","7.3 oz (207 g)",255.0,"cluster_0"
510.0,17.0,280.0,80.0,64.0,12.0,150.0,0.0,1.0,440.0,1.44,"Smoothies & Shakes","McFlurry with Oreo Cookies (Small)","10.1 oz (285 g)",256.0,"cluster_0"
690.0,23.0,380.0,106.0,85.0,15.0,200.0,0.0,1.25,550.0,1.8,"Smoothies & Shakes","McFlurry with Oreo Cookies (Medium)","13.4 oz (381 g)",257.0,"cluster_0"
340.0,11.0,190.0,53.0,43.0,8.0,100.0,0.0,0.5,275.0,1.08,"Smoothies & Shakes","McFlurry with Oreo Cookies (Snack)","6.7 oz (190 g)",258.0,"cluster_0"
810.0,32.0,400.0,114.0,103.0,21.0,200.0,0.0,2.25,660.0,1.08,"Smoothies & Shakes","McFlurry with Reese's Peanut Butter Cups (Medium)","14.2 oz (403 g)",259.0,"cluster_0"
410.0,16.0,200.0,57.0,51.0,10.0,100.0,0.0,1.25,330.0,0.72,"Smoothies & Shakes","McFlurry with Reese's Peanut Butter Cups (Snack)","7.1 oz (202 g)",260.0,"cluster_0"
